t;x;y;Z
0;-0.02;0.12;0.01
13;-0.02;0.11;0.01
29;-0.05;0.15;-0.07
48;0.01;0.09;-0.09
63;0;0.05;-0.14
79;0.09;0.05;-0.13
99;0.1;-0.02;-0.27
113;0.14;0.05;-0.2
0.13;0.06;0.05;0.01
147;-0.03;0.1;0.17
165;-0.06;0.11;0.11
179;-0.02;0.05;0.09
195;0.08;-0.08;-0.02
212;0.1;-0.09;-0.03
229;0.13;0.05;-0.14
249;0.06;0.28;-0.09
264;-0.01;0.32;-0.06
0.28;-0.03;0.27;-0.04
297;-0.05;0.07;0.09
314;-0.09;0.02;-0.02
0.33;-0.06;0.04;-0.01
345;0.02;-0.03;-0.11
366;0.03;0.01;0.01
386;0.02;-0.04;0
396;-0.01;-0.03;-0.04
412;-0.04;-0.07;-0.09
429;-0.03;-0.07;-0.12
445;-0.05;-0.02;-0.1
463;-0.08;-0.03;-0.18
0.48;-0.03;-0.2;-0.19
496;0.13;0.04;-0.61
513;-0.03;0;-0.46
529;-0.03;0.04;-0.42
546;-0.04;0.1;-0.17
562;-0.16;0.1;0.04
579;-0.18;0.16;0.19
596;-0.19;0.16;0.3
613;-0.13;0.22;0.47
629;-0.08;0.14;0.19
646;0.07;0.15;0.15
663;0.04;0.04;0.37
679;0;0.01;0.4
695;0.05;0.1;0.35
714;0.09;0.19;0.23
0.73;0.12;0.12;0.15
746;0.13;0.08;0.11
762;0.15;0;-0.01
781;0.16;-0.09;-0.12
797;0.12;-0.12;-0.08
813;0.1;-0.02;0.07
0.83;0.05;-0.05;0.14
846;0.06;-0.08;0.1
862;0.09;-0.14;-0.08
881;0.07;-0.14;-0.08
895;0.05;-0.12;0.02
914;0.06;-0.02;0.07
932;0.04;-0.06;0.07
948;0.06;-0.08;0
963;0.1;-0.04;-0.11
0.98;0;-0.11;0.1
996;0.06;-0.05;0.22
1.013;-0.07;0.05;0.28
1.03;-0.11;0.04;0.15
1.046;-0.05;0.06;0.05
1.062;-0.12;0.01;0
1.079;-0.1;0;0.1
1.096;-0.13;0.03;0.1
1.112;-0.09;0.11;0.04
1.131;-0.07;0.09;-0.18
1.147;-0.05;0.09;-0.2
1.162;-0.06;0;-0.18
1.181;-0.08;-0.06;-0.04
1.197;-0.12;-0.05;0
1.212;-0.09;0;0
1.232;-0.03;0.13;-0.15
1.248;-0.02;0.14;-0.26
1.263;0.01;0.1;-0.21
1.279;-0.05;-0.02;0.02
1.296;-0.03;-0.03;0.1
1.314;-0.09;0;0.14
1.329;-0.04;0.01;0.11
1.346;-0.01;0;0.05
1.361;0.04;-0.09;0.06
1.382;0.06;-0.17;0.07
1.397;0.04;-0.13;0.09
1.413;0.05;0;0.06
1.429;0.05;0.11;0.01
1.447;0.04;0.08;-0.03
1.463;0.01;-0.05;0.08
1.48;-0.02;-0.04;0.09
1.496;-0.01;0.01;0.09
1.512;-0.02;0.08;0.11
1.53;-0.02;0.06;0.14
1.545;-0.01;0.06;0.1
1.562;-0.01;0.04;0.05
1.582;-0.02;0.04;0.1
1.595;-0.02;0.07;0.11
1.614;0.03;0.09;-0.01
1.632;0.08;0.12;-0.19
1.647;0.08;0.03;-0.24
1.663;0.07;-0.03;-0.21
1.679;0.06;-0.01;-0.15
1.698;0.04;0.03;-0.07
1.713;0.04;0.04;0
1.73;0.03;0.01;-0.01
1.745;0.07;-0.01;-0.07
1.764;0.09;-0.04;-0.09
1.779;0.14;-0.06;-0.07
1.799;0.15;-0.1;0.05
1.814;0.14;-0.11;0.1
1.829;0.19;-0.08;0.08
1.848;0.13;-0.12;0.1
1.863;0.12;-0.13;0.12
1.879;0.07;-0.09;0.21
1.898;0.02;-0.05;0.28
1.913;-0.03;-0.04;0.28
1.93;-0.1;-0.07;0.25
1.946;-0.11;-0.04;0.22
1.963;-0.14;-0.03;0.22
1.978;-0.09;0;0.05
1.997;-0.08;0;-0.06
2.013;-0.05;-0.03;-0.12
2.029;-0.08;-0.06;-0.02
2.048;-0.1;-0.06;0.1
2.065;-0.04;-0.04;-0.01
2.08;-0.01;-0.02;-0.09
2.097;0.02;0.02;-0.25
2.113;0.02;0.05;-0.23
2.13;-0.03;0.11;-0.08
2.146;-0.06;0.03;0.05
2.163;-0.08;0.02;0.09
2.179;-0.04;0.03;0.12
2.197;0.01;0.03;0.04
2.214;0.08;0.04;-0.11
2.23;0.12;0.06;-0.17
2.247;0.19;0.09;-0.26
2.264;0.18;0.06;-0.18
2.28;0.17;0.04;-0.12
2.296;0.16;0.06;-0.04
2.313;0.12;0.03;0.05
2.33;0.12;-0.06;0.13
2.347;0.12;-0.12;0.08
2.362;0.12;-0.12;0.04
2.381;0.15;-0.1;-0.03
2.395;0.07;-0.04;0.05
2.415;0.05;-0.04;0.13
2.428;0.03;-0.07;0.16
2.449;0.01;-0.14;0.22
2.462;-0.01;-0.15;0.21
2.478;0.01;-0.04;0.05
2.501;-0.01;0.05;0.05
2.515;0.02;0.04;0
2.53;0.03;0.01;-0.06
2.547;0.04;0.03;-0.13
2.562;0.08;0.15;-0.18
2.581;0.09;0.17;-0.17
2.597;0.06;0.14;0.02
2.613;0.02;0.12;0.21
2.63;0.06;0.12;0.23
2.646;0.13;0.16;0.01
2.664;0.14;0.2;0.02
2.678;0.08;0.12;0.19
2.697;-0.03;0.02;0.43
2.713;-0.12;-0.07;0.54
2.73;-0.12;-0.13;0.52
2.745;-0.17;-0.13;0.37
2.765;-0.08;-0.08;0.18
2.779;-0.05;-0.07;0.07
2.796;-0.01;-0.1;-0.12
2.814;0.01;-0.15;-0.1
2.829;0.03;-0.15;-0.15
2.845;0.08;0;-0.28
2.866;0.03;0.03;-0.23
2.88;0.02;0.06;-0.16
2.896;-0.02;0.04;0.05
2.913;-0.06;-0.03;0.15
2.93;-0.07;-0.03;0.13
2.945;-0.12;-0.01;0.09
2.962;-0.15;0.03;0.2
2.982;-0.14;0.1;0.12
2.996;-0.16;0.13;0.02
3.015;-0.14;0.07;0.04
3.03;-0.09;0.04;0.04
3.047;-0.05;0.04;0.01
3.062;-0.04;-0.01;0
3.08;0.04;-0.01;-0.13
3.096;0.04;-0.01;-0.09
3.112;0.07;-0.12;-0.01
3.13;0.11;-0.11;-0.04
3.145;0.16;-0.06;-0.08
3.165;0.2;0.1;-0.27
3.18;0.17;0.11;-0.19
3.196;0.13;0.04;-0.08
3.213;0.08;-0.09;0.07
3.23;0.04;-0.04;0.18
3.247;0.06;-0.05;0.25
3.263;0;0.03;0.09
3.279;-0.05;0.15;0.07
3.296;-0.04;0.15;0.11
3.312;0;0.17;0.01
3.33;0.06;0.2;-0.11
3.346;0.09;0.17;-0.13
3.362;0.03;0.06;-0.03
3.38;0.04;0.03;-0.11
3.397;0.02;0.01;-0.12
3.412;0.01;-0.02;-0.02
3.432;-0.02;-0.02;0.11
3.447;-0.07;0.02;0.15
3.463;-0.06;0.1;0.17
3.48;-0.07;0.12;0.02
3.496;-0.03;0.14;0.04
3.513;-0.04;0.13;0.03
3.529;-0.03;0.17;-0.01
3.547;-0.01;0.21;-0.03
3.562;-0.1;0.24;0.12
3.582;-0.13;0.15;0.26
3.597;-0.13;0.1;0.22
3.613;-0.08;0.01;0.11
3.63;-0.04;0.04;-0.04
3.647;0;0.13;0.04
3.663;0.01;0.14;0.02
3.679;0.01;0.09;0.03
3.695;0.03;0.04;-0.02
3.714;0.02;-0.08;-0.18
3.731;0.05;-0.04;-0.12
3.747;-0.03;0.02;0.1
3.763;-0.05;0.05;0.18
3.78;-0.05;0.01;0.23
3.796;0.02;-0.08;0.05
3.813;-0.02;-0.08;-0.03
3.83;0.01;-0.06;-0.08
3.846;0.05;0.15;-0.11
3.863;0.04;0.2;-0.13
3.879;-0.06;0.2;-0.06
3.896;-0.08;0.07;0.14
3.913;-0.08;0.02;0.18
3.93;-0.09;0.04;0.18
3.944;-0.07;0.04;0.13
3.964;0.02;0.01;0.08
3.98;0.03;-0.13;-0.1
3.997;0.14;-0.07;-0.26
4.013;0.14;-0.09;-0.23
4.029;0.19;-0.1;-0.18
4.047;0.12;-0.12;-0.08
4.063;0.1;-0.13;0.01
4.08;0.06;-0.14;-0.07
4.096;0.08;-0.07;-0.07
4.112;0.08;-0.05;-0.1
4.129;0.07;-0.04;-0.09
4.149;0.05;0;0.07
4.163;0.03;0.03;0.15
4.18;0.07;0.08;0.07
4.196;0.09;0.13;-0.05
4.213;0.09;0.15;-0.03
4.229;0.08;0.21;-0.1
4.246;0.06;0.18;-0.02
4.263;0.06;0.15;0.05
4.28;0.05;0.09;0.17
4.296;0.04;0.05;0.06
4.312;0.06;0.06;-0.03
4.329;0.09;0.15;-0.18
4.346;0.04;0.14;-0.11
4.363;0.05;0.09;-0.07
4.379;0.01;0.06;0.02
4.395;0.06;0.07;-0.04
4.413;0.06;0.08;-0.04
4.429;0.08;0.05;-0.03
4.445;0.03;0.09;0.08
4.465;0.08;0.09;-0.09
4.481;0.11;0.12;-0.13
4.495;0.12;0.11;-0.06
4.512;0.11;0.08;-0.03
4.532;0.11;0.03;-0.02
4.547;0.09;0.03;-0.01
4.562;0.09;0.05;-0.04
4.581;0.08;0.05;0.06
4.598;0.06;-0.06;0.14
4.614;0.09;-0.1;0.16
4.63;0.09;-0.12;0.19
4.645;0.13;-0.12;0.11
4.664;0.1;-0.03;0.16
4.68;0.1;0.01;0.13
4.697;0.07;0;0.02
4.712;0.06;-0.05;-0.01
4.73;0.01;-0.13;0.12
4.746;-0.04;-0.03;0.21
4.763;-0.08;0.09;0.27
4.78;-0.1;0.12;0.29
4.795;-0.08;0.08;0.26
4.812;-0.08;0.06;0.2
4.831;-0.06;0.01;0.31
4.846;-0.04;-0.09;0.44
4.863;0;-0.09;0.6
4.88;0.02;-0.11;0.57
4.895;0.1;-0.16;0.37
4.915;0.23;-0.19;0.12
4.93;0.25;-0.21;0.04
4.946;0.23;-0.11;0.13
4.963;0.13;-0.01;0.2
4.98;0.11;0;0.19
4.995;0.09;0.05;0.09
5.015;0.06;0;0
5.03;0.04;0;0.05
5.047;-0.05;-0.03;0.18
5.063;-0.04;0;0.28
5.079;-0.04;0.03;0.27
5.095;-0.08;0.12;0.4
5.113;-0.18;0.19;0.71
5.13;-0.21;0.2;0.81
5.146;-0.14;0.29;0.67
5.163;-0.07;0.26;0.5
5.179;-0.02;0.26;0.42
5.196;0.01;0.2;0.41
5.212;0.01;0.19;0.7
5.229;0.02;0.15;0.75
5.246;0.03;0.18;0.71
5.263;0.02;0.15;0.71
5.279;0.01;0.09;0.65
5.295;0.04;0.02;0.46
5.314;0.04;-0.1;0.34
5.33;0.03;-0.19;0.43
5.347;0.01;-0.24;0.46
5.364;0.01;-0.18;0.56
5.379;-0.03;-0.1;0.54
5.396;0;-0.04;0.62
5.413;-0.05;0.06;0.6
5.43;-0.02;0.05;0.57
5.447;-0.04;0.04;0.55
5.463;0.01;0.15;0.55
5.479;-0.03;0.26;0.6
5.496;-0.05;0.29;0.61
5.513;0;0.33;0.46
5.53;0.01;0.25;0.37
5.547;0;0.16;0.31
5.563;-0.01;0.13;0.33
5.58;-0.07;0.06;0.48
5.596;-0.09;0.04;0.49
5.612;-0.02;0.02;0.43
5.63;0.01;0.08;0.3
5.646;0.02;0.05;0.35
5.662;-0.02;0.02;0.5
5.68;-0.05;-0.02;0.57
5.697;-0.06;0.01;0.53
5.713;0.01;0.03;0.42
5.729;0.06;0.01;0.32
5.747;0.08;0.03;0.29
5.761;0.1;0.03;0.27
5.778;0.09;0.09;0.35
5.798;0.08;0.17;0.35
5.812;0.07;0.18;0.34
5.829;0.04;0.09;0.26
5.846;0.03;0.05;0.22
5.864;0.06;0.02;0.24
5.88;0.04;0.06;0.3
5.896;0.05;0.06;0.36
5.913;0.04;0.03;0.46
5.929;0.05;0.01;0.38
5.946;0.08;0.03;0.33
5.963;0.04;0.06;0.38
5.979;0.06;0.11;0.31
5.996;0.03;0.11;0.29
6.013;0.07;0.08;0.27
6.029;0.03;0.04;0.27
6.046;0.04;0.04;0.26
6.062;0.03;0.1;0.25
6.081;-0.01;0.11;0.34
6.095;-0.03;0.1;0.35
6.112;0.01;0.07;0.17
6.131;0.04;0.05;0.18
6.145;0;0.03;0.28
6.165;-0.02;0.06;0.42
6.18;-0.06;0.09;0.52
6.198;-0.05;0.12;0.44
6.213;-0.04;0.1;0.38
6.23;0.01;0.07;0.21
6.246;0.07;0.07;0.07
6.263;0.1;0.06;0.07
6.279;0.07;0.02;0.09
6.298;0.09;-0.05;0.09
6.313;0.09;-0.05;0.09
6.329;0.07;-0.08;0.09
6.345;0.07;-0.03;0.05
6.365;0.07;-0.04;0.02
6.381;0.03;-0.01;0.08
6.396;-0.02;-0.03;0.24
6.413;-0.02;-0.01;0.29
6.429;-0.03;0.07;0.39
6.446;-0.02;0.11;0.44
6.462;0;0.12;0.42
6.478;0.02;0.13;0.32
6.498;0.06;0.14;0.2
6.514;0.07;0.17;0.22
6.53;0.03;0.22;0.34
6.547;-0.01;0.22;0.39
6.563;-0.01;0.2;0.36
6.579;-0.02;0.13;0.31
6.597;-0.02;0.08;0.38
6.613;-0.02;0.03;0.4
6.63;0.04;0.02;0.35
6.646;0.05;0.03;0.29
6.663;0.04;0.03;0.29
6.679;0.04;0.05;0.28
6.696;0.06;0.02;0.28
6.712;0.07;0.02;0.32
6.729;0;0.02;0.34
6.747;0.02;0.01;0.34
6.762;0.04;0.02;0.31
6.779;0.03;0.01;0.41
6.798;-0.02;0;0.53
6.814;-0.01;0.09;0.53
6.83;-0.02;0.1;0.51
6.845;0;0.15;0.32
6.865;0.02;0.14;0.19
6.879;0.03;0.11;0.15
6.897;0.01;0.15;0.22
6.913;-0.02;0.12;0.3
6.93;-0.06;0.18;0.36
6.947;-0.02;0.18;0.37
6.964;-0.01;0.06;0.31
6.98;0;0.01;0.33
6.996;0;-0.03;0.38
7.012;0.04;0.02;0.3
7.029;0.06;0.04;0.31
7.047;0.05;0.02;0.29
7.061;0.07;0.03;0.25
7.079;0.04;0.06;0.35
7.098;0;0.12;0.45
7.114;-0.06;0.18;0.5
7.131;-0.06;0.21;0.45
7.145;-0.03;0.24;0.33
7.165;-0.02;0.18;0.24
7.18;-0.03;0.13;0.29
7.196;-0.07;0.08;0.44
7.214;-0.04;0.11;0.5
7.229;-0.05;0.08;0.47
7.246;-0.01;0.1;0.34
7.263;-0.01;0.04;0.29
7.279;-0.02;0.05;0.3
7.295;-0.01;0.06;0.26
7.312;0.01;0.07;0.23
7.33;0.03;0.05;0.29
7.346;-0.01;0;0.35
7.363;0;-0.07;0.4
7.38;0.02;-0.02;0.38
7.397;0.02;0.08;0.28
7.413;0.02;0.19;0.34
7.43;-0.02;0.15;0.45
7.445;-0.01;0.12;0.38
7.463;0.03;0.1;0.18
7.479;0.05;0.06;0.21
7.496;0.03;0;0.27
7.515;0.03;0.01;0.28
7.529;0.05;0.02;0.26
7.547;0.03;0.05;0.3
7.563;0.04;0;0.31
7.579;0.05;0.02;0.33
7.596;0.08;0.04;0.31
7.612;0.05;0.06;0.34
7.63;0.03;0.05;0.43
7.647;0.04;0.09;0.38
7.662;0.07;0.1;0.24
7.681;0.06;0.04;0.26
7.697;0.05;0.04;0.28
7.712;0.01;0.07;0.38
7.731;-0.03;0.04;0.35
7.747;0;0.05;0.24
7.763;0.02;0.05;0.09
7.78;0;0.07;0.14
7.795;-0.02;0.06;0.2
7.814;-0.02;0.08;0.32
7.829;-0.04;0.08;0.37
7.846;-0.03;0.05;0.35
7.863;0;0.03;0.24
7.88;-0.01;0.08;0.23
7.897;-0.01;0.11;0.26
7.913;-0.04;0.14;0.36
7.93;-0.05;0.11;0.38
7.947;-0.03;0.11;0.33
7.963;0.03;0.16;0.24
7.98;0.02;0.14;0.16
7.996;0.03;0.09;0.15
8.013;0.01;0;0.22
8.029;-0.01;-0.02;0.26
8.047;0;0.03;0.21
8.062;0.03;0.08;0.15
8.08;0;-0.02;0.18
8.096;0;-0.04;0.12
8.113;0.03;-0.05;0.06
8.13;0.05;0;0.05
8.146;0.07;0.04;0.04
8.163;0.04;0.05;0.11
8.18;0.02;0.05;0.13
8.195;0.01;0.06;0.08
8.212;0.01;0.06;0.05
8.229;-0.04;0;0.16
8.248;-0.05;-0.02;0.1
8.264;-0.05;-0.02;0.12
8.278;-0.08;-0.06;0.11
8.298;0.02;0.01;-0.02
8.313;0.03;0.06;-0.12
8.33;0.06;0.1;-0.02
8.347;-0.01;0.07;0.2
8.363;-0.06;0.05;0.26
8.379;-0.08;-0.01;0.18
8.396;-0.02;-0.07;0.09
8.412;0.04;-0.1;0.03
8.429;0.11;-0.11;-0.1
8.446;0.16;-0.04;-0.15
8.463;0.13;-0.04;-0.12
8.479;0.13;-0.03;-0.15
8.495;0.11;0.05;-0.19
8.514;0.11;0.06;-0.23
8.529;0.02;0;-0.08
8.547;-0.04;-0.05;0.07
8.564;-0.05;-0.04;0.08
8.58;0.01;0.01;0.1
8.596;-0.04;0.04;0.21
8.612;-0.02;0.08;0.22
8.629;-0.02;0.03;0.15
8.646;0.05;0.13;0.04
8.663;0.06;0.15;0.03
8.679;0.01;0.13;-0.01
8.698;0.07;0.11;0.02
8.712;0.06;0.07;0.03
8.729;0.05;0.04;-0.08
8.748;0.02;-0.01;-0.08
8.763;0;-0.08;-0.03
8.78;-0.01;-0.15;-0.04
8.795;0.01;-0.17;-0.05
8.814;0.02;-0.14;-0.08
8.83;0.05;-0.06;-0.18
8.847;0.02;0.02;-0.08
8.863;0.02;0.03;-0.04
8.879;0;0.04;0
8.895;0;0.04;0.04
8.912;-0.01;0.04;0.08
8.932;-0.01;0.04;0.14
8.945;0.01;0.09;0.21
8.965;0.05;0.09;0.15
8.981;0.09;0.11;0.09
8.995;0.09;0.04;-0.08
9.015;0.17;-0.03;0.01
9.031;0.09;-0.07;0.12
9.047;0.04;-0.12;0.19
9.063;0.05;-0.06;-0.02
9.079;0.07;-0.08;-0.05
9.096;0.06;-0.11;-0.18
9.112;0.04;-0.06;-0.15
9.129;-0.01;-0.03;-0.07
9.146;0;0.02;-0.13
9.162;0;0.05;-0.2
9.18;-0.01;0.02;-0.16
9.196;-0.08;-0.09;0.01
9.213;-0.08;-0.02;0.02
9.23;-0.08;0.03;0.03
9.245;-0.07;0.1;0.12
9.264;-0.1;0.1;0.2
9.279;-0.07;0.09;0.14
9.295;-0.05;0.09;0.13
9.312;0.01;0.05;0.05
9.331;0.03;0.03;0.01
9.346;0.07;-0.01;-0.12
9.363;0.05;0;-0.06
9.379;0.04;-0.02;0.02
9.397;0.02;-0.02;0.06
9.413;0.01;0;0.06
9.428;-0.01;0.01;0.06
9.445;0.03;0.02;-0.03
9.464;0.05;0.02;-0.11
9.479;0.06;0.03;-0.02
9.497;0.02;0.05;0.12
9.514;-0.01;0.05;0.14
9.529;0;0.03;0.12
9.547;0.02;0.02;0.02
9.563;0;-0.05;-0.01
9.579;0.02;-0.06;-0.01
9.595;0.01;-0.03;0.04
9.613;0.03;-0.01;0.03
9.629;0.01;0.01;0.05
9.648;0;0.02;0.11
9.662;-0.02;0.06;0.06
9.68;0;0.03;0
9.696;0;0.03;-0.02
9.712;-0.02;0.01;0.03
9.729;-0.03;-0.01;0.13
9.748;-0.06;0.01;0.23
9.763;-0.02;0.06;0.09
9.78;0.03;0.13;-0.05
9.796;0.05;0.14;-0.18
9.813;0.07;0.06;-0.28
9.829;0.05;-0.04;-0.07
9.845;0.01;-0.09;0.09
9.863;-0.02;-0.08;0.25
9.879;0.01;-0.02;0.15
9.896;0.03;0;0.08
9.912;0.05;-0.05;0.06
9.93;0.03;-0.04;0.06
9.946;0.02;-0.02;0.09
9.962;0;0.09;0.17
9.98;0;0.17;0.13
9.996;0.01;0.2;0.08
10.012;0.01;0.15;0.02
10.03;0.02;0.05;0.01
10.045;0;-0.02;0.04
10.065;0;-0.09;0.08
10.08;0.01;-0.11;0.08
10.095;0.02;-0.14;0.05
10.112;0.05;-0.11;0.01
10.132;0.08;-0.01;-0.06
10.147;0.05;0.03;-0.07
10.162;0.01;0.1;-0.04
10.181;0;0.03;0.02
10.197;-0.01;0;0
10.212;0.01;-0.03;-0.03
10.228;0.05;-0.05;-0.1
10.248;0.07;-0.01;-0.12
10.263;0.07;-0.01;-0.07
10.279;0.07;-0.01;0
10.298;0.06;0;0.04
10.312;0.01;0;0.03
10.332;0.01;0;0.05
10.347;-0.02;0;0.05
10.362;0.01;0.01;0
10.381;0.05;0.01;-0.04
10.397;0.07;0;-0.05
10.414;0.06;-0.01;0.01
10.429;0.04;-0.01;0.04
10.446;0.03;0.03;-0.01
10.462;0.04;0.06;-0.1
10.48;0.03;0.06;-0.13
10.495;0.01;0.02;-0.09
10.514;0.01;-0.02;0.08
10.53;-0.02;0.03;0.22
10.546;-0.02;0.06;0.23
10.563;-0.01;0.1;0.18
10.579;0.02;0.09;0.09
10.597;0.03;0.06;0.06
10.612;0.05;0.04;0.06
10.631;0.01;0.06;0.14
10.646;0;0.08;0.16
10.663;0.01;0.09;0.1
10.679;0.05;0.04;-0.03
10.696;0.1;0;-0.18
10.713;0.07;-0.02;-0.13
10.729;0.02;-0.09;0.02
10.746;-0.02;-0.08;0.06
10.763;0;-0.06;0
10.779;0.07;0;-0.11
10.796;0.08;-0.01;-0.12
10.812;0.07;-0.03;-0.07
10.829;0.04;-0.01;-0.02
10.848;0.03;0.05;0.08
10.863;0.02;0.06;0.1
10.879;0.03;0.06;0.05
10.895;0.01;0.07;0.05
10.912;-0.02;0.08;0.06
10.929;0.03;0.1;-0.01
10.949;0.06;0.11;-0.2
10.964;0.05;0.07;-0.14
10.98;0.05;-0.05;-0.04
10.996;0.04;-0.04;0.08
11.013;-0.01;-0.05;0.18
11.03;0;-0.02;0.22
11.046;0.08;0.04;0.01
11.063;0.08;0.03;-0.01
11.079;0.09;-0.01;0.02
11.095;0.03;-0.01;0.12
11.114;0;-0.01;0.12
11.129;-0.01;0;0.02
11.148;0.06;0.01;-0.1
11.163;0.05;0.01;-0.13
11.179;0.04;-0.04;-0.04
11.197;0.02;-0.06;0.08
11.214;-0.03;-0.05;0.15
11.229;-0.03;-0.02;0.17
11.247;-0.03;0.03;0.05
11.263;-0.01;0.03;-0.03
11.279;-0.02;0.03;0.02
11.295;-0.02;0.04;0.14
11.313;0.01;0.1;0.15
11.33;0.03;0.12;0.15
11.345;0.04;0.08;0.08
11.362;0.04;0.01;0.01
11.381;0.05;-0.03;-0.02
11.398;0.02;-0.06;0.1
11.413;0.01;-0.1;0.17
11.43;0;-0.1;0.12
11.445;0.06;-0.07;-0.07
11.463;0.1;-0.07;-0.14
11.479;0.04;-0.06;-0.14
11.496;0.04;-0.07;-0.15
11.512;-0.01;-0.03;-0.11
11.531;-0.03;-0.03;-0.01
11.546;-0.09;-0.1;0.1
11.564;-0.05;-0.08;0.1
11.579;-0.04;-0.06;0.08
11.598;-0.01;-0.04;0.01
11.613;0.01;0.06;-0.01
11.63;0.02;0.07;-0.02
11.645;0.02;0.11;0.04
11.662;0.02;0.1;0.15
11.681;0.03;0;0.17
11.697;0.05;-0.03;0.14
11.713;0.08;-0.06;0.08
11.73;0.08;-0.07;0.08
11.745;0.05;0.01;0.12
11.763;0.05;0.03;0.06
11.779;0.06;0.05;0.02
11.799;0.08;0.04;-0.08
11.814;0.06;-0.01;-0.16
11.83;0.06;-0.02;-0.18
11.845;0.03;-0.02;-0.09
11.864;0;-0.02;0.06
11.879;-0.03;-0.05;0.13
11.898;-0.05;-0.15;0.19
11.914;0.01;-0.09;0.03
11.93;0.01;-0.05;-0.03
11.945;0;0.02;-0.08
11.965;0.02;0.1;-0.11
11.98;-0.02;0.17;-0.04
11.996;-0.05;0.19;0.05
12.013;-0.11;0.16;0.25
12.029;-0.11;0.12;0.24
12.045;-0.05;0.04;0.09
12.062;0.06;-0.07;-0.13
12.079;0.13;-0.16;-0.17
12.096;0.16;-0.17;-0.14
12.113;0.13;-0.14;-0.08
12.129;0.11;-0.07;-0.03
12.146;0.08;-0.03;-0.06
12.162;0.08;0.04;-0.2
12.179;0.02;0.02;-0.11
12.195;0;0.01;-0.03
12.213;-0.02;0.04;0.07
12.229;-0.05;0.05;0.28
12.246;-0.06;0.05;0.33
12.261;-0.03;0.04;0.22
12.281;-0.01;0.06;0.1
12.297;0.01;0.07;0.06
12.311;0;0.12;0.03
12.331;-0.01;0.1;0.08
12.346;0.01;0.08;0.06
12.362;0.03;0;0.05
12.381;0.05;-0.06;0.03
12.397;0.05;-0.06;-0.01
12.412;0.05;-0.02;0
12.432;0.02;-0.04;-0.02
12.446;0.03;-0.05;-0.08
12.463;0.03;-0.02;-0.15
12.479;-0.03;-0.01;-0.01
12.496;-0.04;-0.02;0.08
12.512;-0.08;0.03;0.19
12.529;-0.06;0.06;0.22
12.546;-0.06;0.05;0.16
12.561;-0.01;0.04;0
12.58;0.01;0.08;0.09
12.597;0;0.06;0.08
12.612;0.02;0.09;0.15
12.629;0.04;0.14;0.12
12.645;0.04;0.13;0.09
12.662;0.06;0.07;0
12.683;0.08;-0.03;0.09
12.698;0.07;-0.09;0.23
12.713;0.07;-0.08;0.23
12.728;0.04;-0.06;0.13
12.748;0.05;-0.04;-0.01
12.763;0.05;-0.04;-0.06
12.779;0.03;-0.06;-0.06
12.796;0.02;-0.12;-0.08
12.812;0.02;-0.12;-0.08
12.829;-0.01;-0.04;-0.06
12.848;-0.04;0.03;0.04
12.868;-0.02;0.01;0
12.88;0;0.03;-0.06
12.894;0.02;0.04;-0.11
12.912;0.05;0.09;-0.1
12.929;-0.03;0.11;0.18
12.945;-0.05;0.09;0.2
12.962;-0.03;0.1;0.19
12.979;0.01;0.02;0.07
12.995;0.09;-0.06;-0.03
13.012;0.12;-0.08;-0.05
13.029;0.13;-0.08;0
13.045;0.13;-0.08;0.06
13.062;0.1;-0.08;0.08
13.079;0.12;-0.06;-0.03
13.096;0.08;-0.03;-0.13
13.113;0.06;0;-0.09
13.129;0.04;0.06;-0.13
13.147;0.03;0.14;-0.16
13.163;0.02;0.12;-0.1
13.179;-0.02;0.08;0.02
13.196;-0.06;0.04;0.1
13.214;-0.06;0.05;0.08
13.229;-0.04;0.07;0.07
13.246;0;0.03;0.01
13.263;0.04;0.05;0.04
13.279;0.04;0.03;0.09
13.295;0.05;0.07;0.1
13.312;0.02;0.08;0.14
13.33;0.01;0.08;0.07
13.345;-0.01;0.11;0.03
13.363;-0.05;0.05;0.07
13.38;-0.05;0.01;0.06
13.396;-0.03;0.02;0.06
13.413;-0.02;0.01;0.07
13.429;0.03;0.01;-0.07
13.447;0.06;0.03;-0.16
13.463;0.04;0;-0.14
13.479;0.04;-0.01;-0.09
13.495;0;-0.02;-0.01
13.513;-0.02;-0.01;0.07
13.53;-0.02;-0.01;0.1
13.545;-0.03;0.01;0.12
13.562;-0.03;0.01;0.12
13.579;-0.01;0;0.09
13.595;0.01;0.01;0.1
13.612;-0.02;0.05;0.11
13.632;-0.02;0.09;0.07
13.645;-0.02;0.09;0.01
13.665;-0.01;0.01;0
13.681;0.01;0;0.03
13.695;0.01;-0.02;0.07
13.714;0.02;-0.03;0
13.729;0.05;0;-0.05
13.746;0.09;0;-0.13
13.762;0.08;-0.05;-0.11
13.781;0.08;-0.08;-0.08
13.795;0.05;-0.11;-0.03
13.815;0.08;-0.03;0.04
13.83;0.04;0.03;0.07
13.847;-0.01;0.07;0.13
13.863;-0.07;0.05;0.17
13.88;-0.08;0.03;0.12
13.896;-0.06;0.03;0.13
13.912;0.01;-0.01;0.08
13.93;0.08;0;0.01
13.946;0.14;0.02;-0.05
13.963;0.17;-0.03;-0.02
13.979;0.16;-0.05;0.03
13.996;0.17;0;0.04
14.012;0.15;-0.01;-0.02
14.029;0.14;-0.01;-0.04
14.045;0.08;-0.05;0.03
14.064;0.04;-0.05;0.04
14.079;0.02;0;0.03
14.097;0.04;0.05;-0.02
14.113;0.03;0.07;-0.09
14.129;0.01;0.08;-0.09
14.145;0.01;0.1;-0.06
14.162;-0.06;0.11;0.11
14.182;-0.08;0.11;0.16
14.197;-0.06;0.13;0.12
14.213;-0.07;0.1;0.13
14.228;-0.06;0.09;0.06
14.245;0.02;0.09;0
14.265;0.01;0.06;-0.01
14.279;0.03;0.07;0.02
14.295;0.03;0.05;-0.01
14.312;0.06;0.03;-0.03
14.332;0.05;-0.05;0.03
14.347;0.06;-0.09;0.07
14.363;0.05;-0.11;0.11
14.378;0.08;-0.1;0.08
14.395;0.06;-0.08;0.03
14.414;0.04;-0.07;-0.05
14.431;0.03;0;-0.08
14.447;0.03;0.03;-0.05
14.462;-0.03;0.06;-0.06
14.481;-0.03;0.07;-0.06
14.495;-0.03;0.07;-0.05
14.512;-0.02;0.06;0.02
14.532;-0.03;0.03;0.08
14.547;0;0.02;0.09
14.562;0.01;-0.01;0.07
14.579;0.01;-0.07;0
14.598;0.03;-0.03;0.02
14.613;0.02;0.03;0.07
14.63;0.06;0.06;-0.01
14.645;0.07;0.08;-0.05
14.663;0.06;0.09;-0.05
14.679;0.04;0.02;0
14.697;0.04;0;0.02
14.712;0;-0.01;0.01
14.729;-0.04;-0.02;0.05
14.748;-0.02;0.01;0
14.762;-0.02;0.05;-0.03
14.78;-0.04;0.14;0.04
14.794;-0.06;0.12;0.07
14.815;-0.07;0.13;0.1
14.828;-0.01;0.09;0.02
14.846;0.01;0.05;-0.03
14.862;0.06;-0.07;0
14.881;0.08;-0.13;0.08
14.896;0.07;-0.05;0.14
14.911;0.07;-0.05;0.14
14.929;0.07;-0.02;0.08
14.948;0.08;-0.01;-0.09
14.964;0.07;0.02;-0.08
14.979;0.02;0;0.02
14.998;0.03;0.05;0.09
15.014;0;0.05;0.15
15.029;0.02;0;0.15
15.048;0;-0.05;0.05
15.063;0.02;-0.07;0.03
15.08;0;-0.02;0
15.097;0.03;0.05;-0.08
15.114;0.03;0.04;-0.11
15.13;0.04;0.06;-0.13
15.145;0.01;0.03;-0.06
15.162;0;0.01;-0.03
15.179;-0.03;-0.02;0.11
15.196;-0.06;0.01;0.12
15.212;-0.04;0.04;0.09
15.229;-0.05;0.04;0
15.246;-0.05;0.06;0.12
15.263;-0.07;0.04;0.19
15.279;-0.01;0.05;0.07
15.296;0.02;0.12;0.03
15.313;0.03;0.11;0.01
15.329;0.02;0.08;0.02
15.345;0.05;0.05;0.09
15.363;0.06;0.02;0.13
15.38;0.05;-0.02;0.14
15.395;0.07;-0.01;0.09
15.412;0.04;0.02;0.1
15.432;0.05;0;0.03
15.447;0.07;0.05;-0.03
15.463;0.06;0.02;-0.07
15.479;0.06;0.06;-0.07
15.496;0.04;0.04;-0.04
15.512;0.02;0.04;-0.02
15.529;0;0.03;0.03
15.545;-0.01;0.01;0.01
15.562;0.01;0.02;0.02
15.579;-0.01;0.05;0
15.599;0;0.02;-0.01
15.613;0.03;0.02;-0.04
15.628;0.02;0.01;0.03
15.645;0.01;-0.03;0.16
15.665;0.05;0.05;0.05
15.68;0.06;0.1;0.01
15.696;0.02;0.18;0.05
15.713;-0.03;0.12;0.1
15.729;-0.04;0.06;0.1
15.745;0.01;-0.03;-0.04
15.763;0.08;-0.07;-0.11
15.779;0.08;-0.09;-0.1
15.795;0.09;-0.06;-0.07
15.812;0.08;-0.03;-0.06
15.832;0.07;-0.02;-0.06
15.845;0.07;-0.04;-0.1
15.862;0.03;-0.06;-0.01
15.882;-0.01;-0.05;0.05
15.898;-0.01;-0.07;0.09
15.912;0.02;-0.01;0.11
15.932;0.03;0.06;0.1
15.946;0.02;0.15;0.08
15.962;0.01;0.16;0.01
15.992;-0.02;0.16;-0.03
15.995;-0.03;0.18;-0.02
16.011;-0.02;0.17;0.03
16.029;-0.05;0.16;0.13
16.05;-0.02;0.13;0.1
16.064;0.04;0.12;-0.05
16.079;0.05;0.08;-0.12
16.096;0.11;0.06;-0.18
16.113;0.1;0.05;-0.17
16.129;0.1;0.06;-0.09
16.146;0.05;0.05;0.01
16.162;0.02;-0.02;0.09
16.18;0.03;-0.02;0.04
16.196;0.03;-0.04;0.05
16.212;0.03;-0.08;0.06
16.229;0.02;-0.08;0.08
16.245;0.03;0.01;0.06
16.263;0.01;0.12;0.09
16.279;0;0.16;0.1
16.296;-0.03;0.2;0.08
16.312;0.01;0.2;-0.08
16.33;0.04;0.11;-0.16
16.347;0.03;0.07;-0.16
16.362;0.03;0.01;-0.05
16.38;0.01;-0.03;0
16.397;0;-0.1;0.05
16.414;0;-0.11;0.03
16.429;0;-0.1;-0.01
16.445;0.02;-0.08;-0.04
16.462;0.01;-0.07;0.08
16.481;0;-0.04;0.12
16.498;0;-0.01;0.17
16.514;0;0.08;0.16
16.53;0;0.13;0.08
16.546;-0.01;0.14;0.05
16.562;0;0.06;0.01
16.579;0.01;0.05;-0.01
16.595;0.03;0.06;-0.04
16.612;0.05;0.11;-0.09
16.631;0.02;0.13;0.06
16.646;-0.04;0.06;0.17
16.663;-0.08;-0.11;0.22
16.679;-0.02;-0.16;0.06
16.696;0.02;-0.17;0.03
16.712;0.08;-0.12;-0.01
16.729;0.16;-0.03;-0.1
16.745;0.14;0;-0.09
16.762;0.12;0.02;-0.07
16.779;0.09;0.03;-0.14
16.795;0.09;0.05;-0.15
16.815;0;0.05;-0.05
16.83;-0.02;0.04;0.04
16.847;-0.03;0.04;0.05
16.863;-0.01;0.08;0.05
16.879;-0.01;0.06;0.08
16.895;-0.01;0.04;0.14
16.913;-0.02;-0.04;0.22
16.93;-0.03;-0.09;0.22
16.946;-0.03;-0.12;0.19
16.962;0.01;-0.08;0.13
16.98;0.08;-0.02;0
16.997;0.11;0;-0.08
17.013;0.12;0.02;-0.25
17.029;0.1;0.03;-0.2
17.045;0.08;0.01;-0.18
17.062;0.02;-0.07;-0.11
17.08;0;-0.07;-0.07
17.095;0;-0.06;-0.06
17.112;0;-0.02;-0.03
17.133;0.04;0.02;-0.04
17.145;0.03;0.02;0
17.162;0.02;0.03;0.12
17.182;-0.02;0.05;0.19
17.196;-0.04;0.07;0.25
17.213;-0.05;0.06;0.25
17.23;-0.03;0.04;0.21
17.246;0.03;0.06;0.17
17.262;0.04;0.04;0.14
17.279;0.12;0.02;-0.07
17.296;0.14;0.04;-0.18
17.312;0.12;0.02;-0.16
17.329;0.05;-0.02;-0.04
17.346;0.01;-0.07;0.02
17.363;0;-0.09;0.04
17.379;0;-0.11;0.01
17.395;0.02;-0.11;-0.03
17.412;0;-0.1;-0.05
17.432;0.02;-0.05;-0.04
17.446;0.02;0.03;0
17.463;0.02;0.04;0.02
17.479;0;0.03;0.06
17.498;-0.02;-0.02;0.1
17.512;-0.02;-0.05;0.1
17.532;0.01;0;0.06
17.547;0.02;0.06;-0.01
17.563;0.03;0.11;0
17.579;0;0.08;0.11
17.598;0.01;-0.02;0.11
17.612;0.03;-0.08;0.06
17.629;0.06;-0.12;0.03
17.645;0.07;-0.13;0.05
17.662;0.08;-0.08;0.09
17.679;0.07;0.02;0.11
17.697;0.08;0.04;0
17.713;0.09;0.02;-0.05
17.729;0.05;0;-0.05
17.745;0.04;0.02;-0.03
17.763;0.03;0.05;0.02
17.78;0.04;0.07;0.03
17.794;0.05;0.12;-0.04
17.813;0.03;0.11;-0.05
17.829;0.01;0.09;-0.05
17.845;-0.01;0.02;0.01
17.865;0;-0.03;0.07
17.88;-0.01;-0.03;0.1
17.895;-0.02;-0.03;0.15
17.912;-0.03;0;0.17
17.931;0.01;0.03;0.17
17.945;0.02;0.07;0.11
17.964;0.04;0.12;0.1
17.979;0.02;0.12;0.11
17.995;0.02;0.12;0.08
18.012;0.02;0.08;0.07
18.029;0.01;0.06;0.09
18.045;0.02;0.03;0.04
18.065;0;0.03;-0.08
18.081;0.02;0.04;-0.11
18.095;0.04;0.02;-0.16
18.115;0.01;-0.04;-0.08
18.129;0.02;-0.07;-0.04
18.146;0.01;-0.09;0.05
18.163;0.03;-0.06;0.11
18.178;0.04;-0.06;0.14
18.195;0.06;-0.05;0.09
18.215;0.08;-0.04;-0.02
18.23;0.09;-0.05;-0.02
18.246;0.06;-0.02;0.05
18.263;0.03;-0.01;0.06
18.279;0.03;0;0.03
18.295;0.02;0.02;0.01
18.312;-0.01;0.06;-0.04
18.33;0.01;0.09;-0.03
18.345;-0.03;0.07;-0.01
18.362;-0.01;0.04;-0.01
18.381;-0.01;0.02;-0.02
18.395;0.02;-0.01;-0.08
18.414;0.05;0.03;-0.06
18.43;0.04;0.01;0
18.446;0.03;-0.02;0.02
18.462;0.08;0.08;-0.07
18.48;0.06;0.07;-0.04
18.496;0.02;0.08;0.05
18.513;-0.03;0.09;0.22
18.529;-0.05;0.06;0.29
18.546;-0.04;-0.02;0.22
18.563;0.02;-0.03;-0.01
18.579;0.07;-0.02;-0.06
18.595;0.1;-0.03;-0.12
18.612;0.09;0.03;-0.05
18.628;0.09;0.04;-0.02
18.648;0.08;0.03;-0.02
18.662;0.08;0.05;-0.06
18.68;0;0.03;0.02
18.696;-0.01;-0.03;0.07
18.712;-0.03;-0.06;0.16
18.729;0.01;-0.02;0.05
18.745;0.01;0;0.01
18.762;0.01;0.02;0.06
18.779;-0.03;0.03;0.08
18.795;0;0.08;0.04
18.813;-0.01;0.09;0.01
18.828;0;0.08;0
18.845;0.02;0.04;-0.06
18.864;0.05;0.01;-0.05
18.88;0.03;0.01;0.04
18.896;0.01;0.01;0.06
18.912;0.02;0;0.04
18.929;0.03;0;0.01
18.945;0.03;0.02;0.03
18.962;0.01;0.06;0.11
18.981;0.02;0.07;0.13
18.995;0.03;0.08;0.12
19.012;0.01;0.02;0.11
19.032;0;-0.03;0.11
19.045;0;-0.04;0.09
19.062;0.02;-0.02;0.03
19.081;0.04;0;-0.05
19.097;0.06;0.02;-0.11
19.113;0.09;0;-0.25
19.129;0.1;0;-0.23
19.145;0.08;-0.01;-0.12
19.162;0.05;-0.02;0.08
19.179;0.04;-0.06;0.18
19.196;0.02;-0.06;0.21
19.212;0.05;-0.06;0.15
19.23;0.07;-0.07;0.07
19.245;0.08;-0.06;0.08
19.262;0.07;0;0.1
19.282;0.06;0.08;0.06
19.297;0.02;0.12;0
19.313;0.04;0.12;-0.05
19.329;0.03;0.06;-0.09
19.345;0.03;0.02;-0.03
19.363;-0.02;-0.03;0.1
19.379;-0.02;-0.07;0.1
19.396;0.02;0.01;-0.01
19.412;0.05;0.07;-0.09
19.43;0.04;0.1;-0.09
19.445;0.01;0.07;0.01
19.462;-0.04;0.02;0.18
19.479;-0.03;0.03;0.16
19.495;-0.01;0.04;0.11
19.513;0.01;-0.01;-0.01
19.529;0.08;-0.08;-0.15
19.546;0.12;-0.11;-0.24
19.563;0.11;-0.12;-0.19
19.579;0.06;-0.09;-0.06
19.596;0.02;-0.06;0.07
19.613;0;-0.05;0.11
19.628;0.01;-0.04;0.12
19.647;-0.01;0;0.16
19.663;0;0.04;0.15
19.679;0;0.1;0.15
19.696;-0.01;0.09;0.18
19.713;0;0.09;0.12
19.729;0.03;0.14;-0.03
19.746;-0.01;0.09;-0.03
19.762;0.02;0.07;-0.07
19.78;0.03;0.06;-0.19
19.796;0.06;0.02;-0.17
19.813;0.05;-0.03;-0.13
19.829;0.02;-0.05;-0.02
19.846;0.05;-0.08;-0.01
19.862;0.02;-0.08;0.07
19.879;-0.01;-0.05;0.18
19.896;-0.04;-0.02;0.17
19.913;-0.01;0.03;0.16
19.929;0.01;0.06;0.12
19.946;0.04;0.06;0.03
19.963;0.06;0.06;-0.01
19.979;0.04;0.06;0.06
19.996;0;0.05;0.12
20.012;0.01;0.03;0.13
20.03;0.03;-0.03;0.02
20.046;0.06;-0.06;-0.07
20.063;0.06;-0.06;-0.07
20.078;0.06;-0.07;-0.11
20.095;0.06;-0.08;-0.15
20.112;0.04;-0.07;-0.12
20.132;0.03;-0.04;-0.09
20.147;0.03;-0.04;-0.07
20.162;0.03;-0.06;-0.07
20.18;0.01;-0.05;0
20.197;0;0.06;0.05
20.213;0;0.1;0.06
20.229;0.01;0.11;0.07
20.245;-0.01;0.06;0.09
20.262;0.01;0.03;0.14
20.281;0.01;0.01;0.15
20.294;0.03;0.05;0.16
20.314;0.01;0.02;0.21
20.33;0.03;0.03;0.18
20.345;0.02;0.07;0.06
20.364;0;0.12;-0.03
20.379;-0.02;0.14;-0.03
20.395;-0.05;0.1;-0.03
20.414;-0.02;-0.01;-0.02
20.429;-0.02;-0.06;-0.08
20.447;0.03;-0.05;-0.12
20.462;0.04;0;-0.09
20.48;0.04;-0.02;-0.08
20.495;0.02;-0.06;0.02
20.514;0;-0.07;0.13
20.53;0;-0.07;0.2
20.546;0.03;0.01;0.19
20.563;0.06;-0.01;0.16
20.579;0.07;-0.01;0.14
20.596;0.07;0.03;0.12
20.612;0.06;0.09;0.1
20.631;0.05;0.06;0
20.646;0.06;0.06;-0.01
20.661;0.02;0.02;0.1
20.68;0.02;0.03;0.12
20.695;0;0.02;0.14
20.712;0.04;-0.01;0.03
20.732;0.01;-0.01;0.06
20.747;0.03;0;0.03
20.762;0.04;0.07;-0.01
20.78;0.04;0.07;0
20.795;0.02;0.07;0.07
20.814;-0.03;0.07;0.21
20.829;-0.03;0.09;0.18
20.845;0.01;0.05;0.03
20.864;0.02;-0.08;-0.08
20.879;0.07;-0.11;-0.13
20.896;0.07;-0.1;-0.1
20.912;0.05;-0.08;0
20.93;0.06;0.03;-0.05
20.946;0.05;0.03;-0.03
20.963;0.05;0.04;-0.12
20.979;0.02;-0.05;-0.05
20.996;0.04;-0.08;0.01
21.012;-0.03;-0.07;0.23
21.029;-0.04;-0.02;0.38
21.045;-0.07;-0.01;0.36
21.063;-0.01;0.07;0.13
21.079;0.06;0.1;-0.14
21.096;0.09;0.09;-0.21
21.112;0.1;0.11;-0.25
21.128;0.11;0.12;-0.16
21.146;0.03;0.05;0.04
21.162;-0.03;-0.01;0.19
21.179;-0.03;-0.02;0.19
21.195;-0.03;-0.04;0.11
21.212;0;-0.05;0.03
21.229;0.02;-0.08;0.02
21.245;0.03;-0.08;0.02
21.262;0.05;-0.05;0.05
21.282;0.06;0.09;0.04
21.297;0.07;0.12;0.04
21.312;-0.01;0.17;0.16
21.331;-0.04;0.14;0.22
21.346;-0.05;0.09;0.18
21.363;-0.01;-0.01;0.02
21.379;0.07;-0.06;-0.14
21.396;0.09;-0.08;-0.19
21.419;0.1;-0.05;-0.17
21.428;0.1;-0.03;-0.19
21.446;0.09;0;-0.22
21.462;0.07;0.02;-0.26
21.479;0;-0.01;-0.15
21.503;-0.03;-0.07;0.03
21.52;-0.01;-0.04;0.06
21.529;0.01;0;0.04
21.545;0.04;0.05;0.06
21.561;0.02;0.09;0.06
21.579;0.01;0.09;0.14
21.595;0;0.1;0.14
21.612;-0.02;0.13;0.14
21.629;0.01;0.13;0.07
21.645;0;0.11;0.09
21.662;0.01;0.1;0.09
21.679;0.02;0.08;0.14
21.695;0;0.08;0.14
21.711;-0.01;0.09;0.1
21.729;-0.01;0.05;0
21.745;0.02;-0.03;-0.08
21.762;0.02;-0.05;-0.16
21.783;0.06;-0.03;-0.09
21.797;-0.02;-0.09;-0.02
21.813;0.01;-0.06;0.03
21.829;0;-0.03;0.13
21.847;-0.01;-0.06;0.06
21.863;-0.01;-0.09;0.07
21.879;-0.03;-0.05;0.14
21.895;0;0.01;0.12
21.944;0.07;0.13;0.04
21.945;0.11;0.12;0.06
21.978;0;0.05;0.16
21.979;0.01;0.06;0.21
21.995;-0.03;0.13;0.23
22.012;-0.02;0.13;0.2
22.028;0.01;0.1;-0.09
22.045;0.06;0.05;-0.33
22.061;0.07;0.04;-0.32
22.079;0.03;0.07;-0.17
22.097;-0.02;0.09;0
22.112;-0.03;0.11;0.02
22.129;0.02;0.11;-0.14
22.145;0.06;0;-0.15
22.162;0.04;0.01;-0.1
22.18;-0.01;0.01;0.08
22.198;-0.03;0.07;0.21
22.213;0;0.11;0.12
22.23;0.04;0.15;-0.05
22.249;0.02;0.13;-0.03
22.261;-0.01;0.14;-0.02
22.279;-0.06;0.08;0.11
22.295;-0.03;0;0.04
22.312;0;-0.04;0.04
22.329;0.03;-0.01;-0.08
22.349;0.13;0.01;-0.04
22.364;0.05;0;-0.06
22.38;0.09;0.02;-0.1
22.395;0.11;0.03;-0.12
22.412;0.07;0.02;-0.11
22.429;0.03;0.06;0.03
22.449;-0.02;0.1;0.09
22.464;-0.02;0.14;0.17
22.479;-0.01;0.14;0.2
22.495;-0.01;0.03;0.16
22.514;0.06;0.04;0.03
22.53;0.03;0.01;0.05
22.546;0.01;0.05;0.12
22.563;0;0.12;0.15
22.579;0;0.12;0.1
22.595;0.09;0.05;-0.13
22.615;0.08;-0.03;-0.23
22.63;0.1;-0.04;-0.2
22.645;0.04;0.01;-0.11
22.663;0.02;0.02;0
22.679;0;0.03;0.02
22.695;0.01;0.03;-0.1
22.713;-0.01;0.06;-0.08
22.729;0.01;0.09;-0.13
22.745;0;0.13;-0.06
22.761;0;0.13;0.08
22.781;0.03;0.15;0.04
22.796;0.04;0.11;0.01
22.812;0.07;0.14;-0.01
22.831;0.07;0.12;0
22.845;0.05;0.09;0.1
22.864;0.08;0.14;0.06
22.878;0.1;0.14;0.07
22.895;0.04;0.09;-0.06
22.915;0.1;0.12;-0.16
22.93;0.05;0.09;-0.17
22.945;0.02;0.05;0.05
22.963;0.01;0.09;0.1
22.979;0;0.06;0.08
22.995;0.03;0.03;-0.03
23.016;0.04;-0.02;0.05
23.029;0.04;0.02;0.05
23.045;0.04;0.06;0.06
23.063;0.05;0.08;-0.02
23.08;0.08;0.09;-0.12
23.096;0.05;0.07;-0.14
23.112;0.05;0.05;-0.03
23.129;-0.02;0.04;0.03
23.146;-0.01;0.01;0.1
23.163;0.02;0.05;0.01
23.179;-0.01;0.05;0
23.195;0.01;0.06;0.02
23.212;0.02;0.02;0.09
23.231;0.01;-0.02;0.13
23.245;0.02;-0.04;0.12
23.262;0.07;0.01;0.05
23.282;0.08;0.05;-0.07
23.297;0.07;0.03;-0.02
23.313;0.02;0.05;0.15
23.33;0.01;0;0.17
23.346;0.03;-0.01;0.13
23.363;0.04;-0.05;0.06
23.379;0.06;-0.04;0.06
23.395;0.04;-0.05;0.08
23.412;0.04;-0.05;0.13
23.429;0.03;-0.01;0.18
23.447;0;-0.04;0.11
23.463;0.08;0.08;-0.14
23.48;0.05;0.06;-0.2
23.495;0.08;0.07;-0.19
23.512;0;0.05;0.01
23.529;-0.01;0.03;0.15
23.546;0;0.04;0.16
23.563;-0.02;0.04;0.1
23.579;0;0.1;0.09
23.595;0;0.1;0.14
23.612;-0.01;0.07;0.14
23.629;0.06;0.07;-0.01
23.648;0.01;0.01;0.01
23.663;0.03;0.01;0.07
23.679;-0.03;0.01;0.28
23.695;-0.02;0.02;0.3
23.712;0.03;0.04;0.03
23.729;0.1;0;-0.32
23.746;0.15;-0.04;-0.39
23.763;0.12;-0.06;-0.28
23.779;0.09;-0.08;-0.13
23.795;0.09;-0.05;-0.11
23.812;0.09;-0.03;-0.05
23.83;0.11;-0.08;-0.09
23.845;0.06;-0.11;-0.02
23.862;0.04;-0.05;0.08
23.879;-0.02;-0.01;0.16
23.896;0;0.03;0.12
23.912;0.03;0.11;-0.05
23.929;0.02;0.17;0.02
23.945;0;0.14;0.1
23.962;-0.06;0.13;0.11
23.979;-0.02;0.14;0.1
23.995;-0.05;0.07;0.09
24.012;0;0.07;0.03
24.029;0.02;-0.06;-0.02
24.045;0.04;-0.14;0.05
24.062;0;-0.17;0.14
24.078;0.07;-0.02;0.13
24.095;0.08;0.1;0.01
24.112;0.09;0.15;-0.06
24.129;0.04;0.06;-0.07
24.145;0.01;-0.01;0.01
24.162;-0.01;-0.09;0.08
24.179;0;-0.13;0.11
24.195;0.03;-0.11;0.01
24.218;0.08;0;-0.1
24.229;0.09;0;-0.12
24.245;0.06;-0.01;-0.04
24.262;0.04;0.04;0.01
24.279;0.01;0.08;0.1
24.295;0;0.13;0.05
24.312;-0.02;0.11;0.1
24.329;0;0.05;0.02
24.346;0.04;-0.03;-0.02
24.363;0.05;-0.01;0.03
24.379;0.04;0.03;0.09
24.395;0.06;0.07;0
24.412;0.07;0.05;-0.05
24.429;0.05;-0.02;-0.03
24.445;0.03;-0.09;0.01
24.462;0.09;-0.04;-0.02
24.479;0.02;-0.06;0.05
24.495;0.06;-0.02;-0.06
24.513;0.05;0.03;-0.06
24.529;0.02;0.06;0.03
24.546;-0.01;0.04;-0.05
24.563;0.01;0.04;-0.05
24.579;-0.02;0.04;-0.01
24.597;-0.04;0.03;0.1
24.612;-0.05;0.02;0.18
24.629;-0.02;0.01;0.21
24.645;0;0;0.12
24.662;0.03;-0.01;0.1
24.679;0.05;-0.07;-0.06
24.697;0.06;-0.1;0.08
24.712;0.11;-0.11;0.1
24.729;0.11;-0.11;0.08
24.745;0.13;-0.1;0.01
24.764;0.15;-0.08;-0.11
24.779;0.17;-0.1;-0.17
24.797;0.15;-0.06;-0.21
24.812;0.07;-0.11;0.05
24.829;0.03;-0.12;0.16
24.845;-0.01;-0.05;0.2
24.862;-0.02;0.06;0.02
24.88;0.01;0.07;-0.05
24.896;-0.07;0.08;0.08
24.913;-0.13;0.09;0.22
24.929;-0.14;0.11;0.26
24.945;-0.11;0.11;0.21
24.962;-0.08;0.09;0.16
24.979;-0.06;0.08;0.15
24.996;-0.03;0.02;0
25.013;0.02;-0.06;-0.11
25.03;0.06;-0.08;-0.16
25.046;0.12;0.02;-0.26
25.062;0.07;0.04;-0.1
25.079;0.04;0.02;-0.1
25.095;0.01;-0.06;-0.06
25.112;-0.01;-0.1;-0.06
25.129;0;-0.11;-0.05
25.145;0;-0.08;0.04
25.165;0.03;-0.04;0.08
25.179;0.03;-0.02;0.04
25.195;0.05;-0.01;0.05
25.212;0.03;0.02;0.08
25.229;0.03;0.06;0.11
25.245;0.02;0.09;0.11
25.262;0.05;0.08;0.02
25.279;0.08;0.07;0.03
25.295;0.07;0.06;0.11
25.313;0.04;0.02;0.11
25.33;0.09;0.04;0.05
25.346;0.1;0.02;-0.02
25.362;0.12;-0.03;-0.18
25.379;0.11;-0.07;-0.13
25.396;0.06;-0.14;0.07
25.412;0.04;-0.1;0.1
25.428;0.03;-0.09;0.09
25.445;0.03;-0.07;-0.04
25.463;0.02;0.02;-0.09
25.479;-0.01;-0.05;-0.09
25.496;0;-0.05;-0.07
25.512;-0.03;-0.01;0.02
25.529;-0.08;-0.02;0.09
25.546;-0.09;0;0.07
25.562;-0.07;0.07;0
25.58;-0.06;0.05;0.02
25.595;-0.06;0.07;0.05
25.614;-0.05;0.05;0.07
25.629;0.01;0.03;0
25.648;0.02;0.02;0.02
25.662;0.02;-0.04;0.1
25.681;0.05;-0.04;0.05
25.697;0.07;-0.06;0.01
25.713;0.06;-0.06;0.05
25.729;0.05;-0.03;0.04
25.745;0.06;0.02;0.05
25.762;-0.01;-0.02;0.02
25.779;0.13;0.01;0.07
25.795;-0.04;-0.05;0.07
25.812;0.06;-0.08;0.01
25.829;-0.04;-0.1;0.13
25.845;-0.02;-0.07;0.15
25.862;-0.02;0;0.21
25.88;-0.05;0.03;0.18
25.896;-0.02;0.03;0.2
25.912;0.02;0.03;0.06
25.929;0.05;0.07;0
25.946;0.05;0.04;-0.01
25.962;0.04;-0.05;0.1
25.979;-0.02;0.06;0.18
25.995;-0.03;0.09;0.21
26.012;-0.04;0.12;0.25
26.029;0.04;0.06;0.04
26.045;0.05;0.02;-0.06
26.062;0.06;0.01;-0.07
26.079;0.1;0.04;-0.05
26.095;0.1;0.05;-0.07
26.114;0.1;0.04;-0.1
26.129;0.1;0;-0.05
26.144;0.07;-0.04;0.02
26.164;0.07;-0.08;0.06
26.18;0.06;-0.04;0
26.195;0.02;-0.11;0.23
26.212;0.01;-0.13;0.25
26.229;0.04;-0.01;0.1
26.245;0.07;0.11;-0.12
26.262;0.06;0.14;-0.24
26.279;0.11;0.2;-0.31
26.295;0.02;0.21;-0.15
26.312;0.01;0.19;-0.14
26.329;-0.03;0.08;-0.04
26.346;-0.03;0.07;-0.04
26.362;-0.03;0.07;0.01
26.378;-0.07;0.14;0
26.398;0.07;0.15;-0.03
26.413;0.05;0.18;-0.31
26.43;0.06;0.16;-0.34
26.445;-0.14;0.13;-0.11
26.463;-0.08;0.11;0.03
26.479;-0.19;0.15;0.13
26.496;-0.04;0.11;0.21
26.512;-0.05;0.09;0.08
26.529;-0.04;0;0.02
26.545;0.05;0.01;0.02
26.562;0.03;-0.01;0.09
26.579;0.22;-0.09;-0.2
26.596;0.24;-0.13;-0.35
26.612;0.32;-0.17;-0.32
26.629;0.26;-0.34;-0.32
26.645;0.14;-0.28;-0.11
26.662;0.08;-0.18;0.02
26.679;-0.08;0.03;0.06
26.695;-0.17;0.2;0.23
26.712;-0.21;0.24;0.25
26.729;-0.03;0.3;0.11
26.745;-0.01;0.19;-0.13
26.762;0.02;0.13;-0.1
26.778;0.14;0.11;0.11
26.795;0.16;0.1;0.07
26.812;0.17;0.11;0.07
26.829;0.05;0.11;0.18
26.846;0.08;-0.07;0.14
26.863;0.02;-0.1;-0.01
26.879;-0.02;-0.21;0.02
26.896;-0.02;-0.18;0.11
26.912;0.04;-0.01;0.05
26.929;-0.09;0.06;0.22
26.945;-0.05;0.14;0.25
26.962;-0.14;0.09;0.18
26.979;-0.11;0.06;0.1
26.995;-0.02;-0.04;0.12
27.012;-0.14;-0.24;-0.13
27.029;0.12;-0.2;-0.21
27.045;0.16;-0.25;-0.21
27.062;0.37;-0.11;-0.33
27.078;0.46;-0.03;-0.29
27.095;0.2;0.03;-0.2
27.112;0.25;0.18;-0.09
27.129;0.2;0.17;-0.16
27.145;0.08;0.17;-0.25
27.162;-0.06;0.24;0.07
27.179;-0.17;0.23;0.27
27.195;-0.18;0.12;0.24
27.212;-0.13;0.08;-0.05
27.229;-0.08;0.02;0
27.245;-0.06;-0.09;0.11
27.262;0.01;-0.15;0.32
27.279;0.05;-0.08;0.21
27.295;-0.01;-0.06;0.05
27.312;0.04;0.02;0.16
27.329;-0.04;0.03;0.2
27.345;-0.15;0.03;0.31
27.363;-0.12;0.08;0.46
27.379;-0.17;0.08;0.4
27.396;-0.08;0.12;0.06
27.411;0.04;0.08;-0.05
27.429;0.02;0.04;-0.02
27.445;-0.08;0.03;0.18
27.463;-0.05;0.14;-0.01
27.479;-0.04;0.23;-0.13
27.495;-0.02;0.32;-0.12
27.512;0.03;0.29;-0.08
27.529;0.02;0.24;-0.03
27.545;0.01;0.19;0.01
27.562;0.03;0.18;0.01
27.579;0.03;0.15;0.01
27.6;0.11;0.14;0.08
27.612;0.07;0.07;0.13
27.629;0.04;-0.01;0.12
27.645;-0.05;0.05;0.06
27.662;-0.08;0.12;0.16
27.682;-0.05;0.1;0.1
27.695;-0.08;0.08;-0.07
27.712;0.02;0.15;-0.41
27.729;0.02;0.11;-0.22
27.749;0.01;0.03;0
27.764;0;0.05;-0.02
27.779;-0.01;0.14;-0.03
27.795;-0.03;0.16;-0.02
27.813;-0.09;0.12;-0.06
27.83;-0.06;0.07;0.04
27.846;-0.04;0.01;0
27.863;0;0.05;0.05
27.879;0.05;-0.01;0.23
27.895;0.05;-0.07;0.31
27.912;0.04;-0.19;0.23
27.929;0.07;-0.19;-0.08
27.945;0.07;-0.13;-0.18
27.962;0.1;-0.03;-0.1
27.979;0.01;0.04;-0.05
27.995;0;0.05;0
28.012;-0.03;0.05;-0.08
28.029;0.06;0.06;-0.11
28.045;0.08;0.06;-0.04
28.062;0;-0.1;0.14
28.079;0.07;-0.14;0.06
28.095;0.1;-0.11;-0.01
28.112;0.06;-0.02;-0.06
28.129;0.03;0.05;0.05
28.145;0.05;0.09;0.04
28.162;0.09;0;-0.08
28.179;0.13;-0.19;0.06
28.195;0.15;-0.22;0.03
28.212;0.11;-0.15;-0.09
28.229;0.04;-0.05;0.17
28.245;0.02;0.01;0.26
28.262;0.05;0.11;0.05
28.279;0.06;0.11;0
28.295;0.04;0.03;0.01
28.312;-0.02;-0.09;0.11
28.329;0.02;-0.09;0.13
28.344;-0.04;-0.09;0.15
28.362;-0.01;0.02;0.23
28.379;0.03;0.08;0.05
28.397;0.09;-0.02;-0.01
28.412;0.1;-0.09;-0.03
28.43;0.15;-0.07;-0.11
28.445;0.12;0.07;-0.05
28.462;0.07;0.13;-0.03
28.479;0.02;0.23;0
28.495;0.02;0.14;-0.03
28.512;0.05;0.06;-0.01
28.529;0.09;-0.2;0.11
28.546;0.13;-0.3;0.24
28.562;0.12;-0.3;0.24
28.579;0.16;-0.11;0.27
28.596;0.06;-0.07;0.28
28.612;0.04;-0.06;0.31
28.628;0.09;0.06;0.06
28.646;0.07;0.04;-0.04
28.662;0.09;0.06;-0.02
28.679;0.07;0.07;0.01
28.695;0.04;0;-0.06
28.713;0.07;-0.03;-0.08
28.729;0.08;-0.14;-0.22
28.746;0.09;-0.21;-0.1
28.762;0.1;-0.16;-0.08
28.779;0.06;-0.07;-0.07
28.796;0.09;0;-0.02
28.812;0.07;-0.03;-0.04
28.828;0.04;-0.15;-0.03
28.847;0.04;-0.18;-0.14
28.863;0.05;-0.15;-0.14
28.879;0.07;0.01;-0.03
28.896;0.02;0.07;0.13
28.912;0.03;0.07;0.1
28.929;0.08;0.06;0.13
28.946;0.05;0.08;0.11
28.962;0.08;0.11;0.12
28.979;0.07;0.09;0.06
28.995;0.04;0;0.09
29.015;0.04;-0.02;0.13
29.029;0.07;0.06;0.08
29.045;0.04;0.07;0.07
29.062;0;0.02;0.08
29.08;0.05;0.05;-0.07
29.096;-0.01;0.06;-0.09
29.112;0;0.04;-0.09
29.129;-0.06;-0.03;0.01
29.146;-0.03;-0.08;0.05
29.163;0;-0.09;-0.01
29.179;0.01;-0.06;0.02
29.194;0.02;0.01;0.07
29.213;0.03;0.03;-0.08
29.229;-0.01;0;-0.05
29.245;0.03;0;0
29.263;-0.07;0.08;0.14
29.28;-0.06;0.13;0.2
29.295;-0.07;0.1;0.22
29.312;-0.01;-0.01;0.06
29.33;0.02;-0.06;0.13
29.345;0.03;-0.12;0.1
29.362;0.04;-0.04;0.05
29.38;0.07;0.02;0.02
29.398;-0.05;0.06;-0.06
29.414;-0.01;0.05;-0.04
29.429;-0.07;0.01;-0.09
29.445;0;-0.02;-0.1
29.462;0;-0.05;-0.01
29.479;0.01;-0.07;0.02
29.495;0.06;-0.11;0.05
29.512;0.08;-0.06;-0.05
29.529;0.06;-0.02;-0.08
29.545;-0.02;0.13;-0.01
29.562;-0.02;0.16;0.02
29.578;-0.03;0.11;-0.01
29.595;0.05;0.03;0.03
29.612;0.06;-0.03;0.07
29.629;0.05;-0.02;0.09
29.645;0.01;0.04;0.09
29.664;-0.01;0.09;0.08
29.679;-0.03;0.07;0.02
29.695;0.04;0.03;-0.07
29.712;0.05;0.04;0.02
29.729;0.06;0.05;0
29.745;0.01;0.07;0.07
29.762;0.01;0.04;0.01
29.779;-0.01;0.02;-0.05
29.795;0.03;0;-0.07
29.812;0.02;-0.06;0.07
29.829;0.04;-0.03;0.12
29.845;0.04;-0.04;0.12
29.862;0.01;0.02;0.17
29.88;0.03;0.03;0.07
29.895;0.06;0.02;0
29.912;0.07;-0.06;-0.01
29.929;0.07;-0.1;-0.04
29.945;0.08;-0.09;-0.06
29.962;0.02;0.04;-0.01
29.979;-0.01;0.1;0
29.995;-0.03;0.1;-0.01
30.012;0;0;-0.05
30.029;0.01;-0.03;-0.02
30.045;0.01;-0.05;0.01
30.062;0.03;-0.08;0.02
30.078;0.01;-0.01;-0.01
30.095;0.03;0.01;-0.05
30.112;0.01;0.02;-0.04
30.128;-0.01;0;0.01
30.145;0;0.01;0.01
30.162;0.03;-0.01;0.06
30.18;0.01;-0.09;0.08
30.198;0.06;-0.02;0.06
30.212;0.05;0.01;0.05
30.229;0.01;0.06;0.03
30.248;-0.01;0.09;0.07
30.262;-0.02;0.1;0.08
30.279;0.02;-0.02;-0.03
30.297;0.04;-0.05;-0.01
30.312;0.02;-0.12;0.1
30.328;0.01;-0.08;0.08
30.345;0.02;-0.05;0.05
30.362;0.03;-0.02;-0.02
30.381;0.04;0.05;-0.08
30.397;0.01;0.05;-0.08
30.412;0;0.04;-0.06
30.43;0.03;0.08;0.01
30.446;-0.02;0.07;0.05
30.462;-0.02;-0.01;0.05
30.479;0.05;-0.05;-0.06
30.495;0.05;-0.07;-0.04
30.512;0.04;-0.11;0.02
30.529;0.08;-0.02;0.02
30.545;0.06;0.01;0.01
30.562;0.02;0.06;-0.02
30.58;0.04;0.14;-0.11
30.596;0.02;0.15;-0.11
30.612;-0.02;0.13;0.05
30.63;0;0.06;0.12
30.644;0.02;0.03;0.12
30.664;0.09;-0.07;0.17
30.679;0.05;-0.19;0.14
30.696;-0.02;-0.08;0.15
30.712;-0.04;0.01;0.17
30.729;-0.05;0.14;0.13
30.746;0;0.12;0
30.762;0.03;0.12;-0.05
30.779;0.07;0.05;-0.15
30.795;0.07;0.09;-0.12
30.812;0.02;0.06;-0.09
30.829;-0.01;0.08;-0.07
30.845;-0.04;0.11;0
30.864;-0.05;0.08;0.06
30.88;-0.05;0.01;0.2
30.896;0.03;-0.04;0.18
30.912;0.08;-0.06;0.14
30.928;0.16;-0.04;0.14
30.945;0.07;0;0.13
30.962;0.1;0.09;0.13
30.979;0.02;0.18;0.11
30.995;0.02;0.13;0.1
31.012;0.03;0.09;0.02
31.029;0.06;0.02;-0.07
31.045;0.05;0;-0.05
31.062;0.06;0.02;-0.06
31.079;0.05;0.06;-0.16
31.098;-0.02;0.05;-0.08
31.113;-0.04;0.09;-0.06
31.128;0.03;0.08;-0.23
31.147;0.04;-0.06;-0.24
31.163;0.04;-0.12;-0.15
31.179;0.05;-0.16;-0.04
31.195;0.08;-0.09;0.07
31.212;0.06;-0.08;0.12
31.229;0.08;0;0.14
31.246;0.04;0.03;0.2
31.262;0.05;0.06;0.19
31.279;0.02;0.1;0.17
31.295;0.03;0.24;0.15
31.312;0.03;0.24;0.13
31.329;0.02;0.13;0.09
31.347;0.13;-0.01;0.06
31.362;0.08;-0.12;0.03
31.379;0.14;-0.14;0
31.395;0;0;0.01
31.413;0.06;0.1;-0.09
31.429;0.04;0.11;-0.18
31.446;0.03;0.04;-0.21
31.462;0.04;-0.09;-0.2
31.479;0.01;-0.12;-0.11
31.495;0;-0.06;0.02
31.512;-0.06;0.01;-0.08
31.529;-0.08;0.03;-0.02
31.545;-0.03;0.09;0.1
31.562;0.05;0.05;0.04
31.579;0.05;0.03;0.05
31.595;0.12;-0.02;0.15
31.612;0.06;-0.08;0.16
31.629;0.05;-0.04;0.12
31.646;-0.04;0.02;0.14
31.662;-0.04;0.1;0.07
31.679;-0.04;0.09;0.07
31.695;0.01;0.06;0.03
31.713;0.08;0.04;-0.03
31.729;0.11;0.01;-0.08
31.746;0.11;-0.05;0.04
31.762;0.04;-0.06;0.03
31.778;0.01;-0.03;0.1
31.796;0.01;0.01;0.01
31.812;0.03;-0.05;-0.03
31.828;0.07;-0.09;0
31.849;0.08;-0.13;0.03
31.862;0.09;-0.06;0.02
31.879;0.04;-0.07;0.04
31.897;0.04;-0.07;-0.01
31.911;0;0.02;0.05
31.931;-0.03;-0.02;0.14
31.945;0;-0.01;0.09
31.962;0.03;-0.04;0.08
31.979;0;-0.07;0.13
31.998;0.02;-0.03;0.12
32.013;0;-0.07;0.16
32.029;0.03;-0.09;0.09
32.046;-0.01;-0.05;-0.04
32.062;0.06;0.06;-0.08
32.079;0.02;0.06;-0.16
32.096;0.08;0.15;-0.14
32.112;0.04;0.14;-0.17
32.129;-0.03;0.12;-0.18
32.145;-0.04;0.07;-0.16
32.162;0.01;0.06;-0.12
32.181;-0.07;-0.13;-0.09
32.197;0.04;-0.12;-0.08
32.212;0.05;-0.05;0.04
32.229;0.03;-0.03;0.1
32.246;0.04;0.01;0.08
32.262;0;0.04;0.13
32.279;0.02;0.03;0.22
32.297;0.02;0.04;0.21
32.311;0.03;0.09;0.25
32.33;0;0.07;0.13
32.346;0.01;0.09;0.14
32.362;0.02;0.07;0.21
32.38;0.01;0.02;0.05
32.396;0.01;0.04;-0.04
32.413;0.05;0.09;-0.17
32.429;-0.06;0.05;-0.24
32.445;-0.07;0.05;-0.23
32.462;-0.08;0.09;-0.1
32.479;-0.05;0.05;-0.15
32.495;-0.01;0.01;-0.16
32.514;0.03;-0.17;-0.06
32.53;0.03;-0.32;0
32.546;0.02;-0.34;0.04
32.561;0.02;-0.16;0.15
32.58;-0.02;0.03;0.11
32.596;0;0.1;0.09
32.612;0.02;0.17;-0.03
32.629;0.06;0.17;-0.01
32.645;0.06;0.13;0.03
32.662;0.1;0.11;0.05
32.679;0.02;0.01;0.12
32.695;-0.01;-0.04;0.12
32.711;-0.01;-0.05;-0.01
32.729;-0.04;-0.05;0
32.745;-0.04;0.01;0.08
32.763;0.03;0.02;-0.01
32.779;0.04;0;-0.1
32.796;0.06;0.01;-0.15
32.813;0.07;-0.01;-0.12
32.829;0.03;0.04;-0.05
32.845;0.07;0.04;-0.02
32.862;0.07;-0.03;-0.08
32.879;0.11;0.01;-0.13
32.895;0.06;0;-0.09
32.912;0.03;-0.01;-0.06
32.931;0.03;0.08;0.08
32.947;0.01;0.08;0.13
32.962;0;0.08;0.13
32.978;0.06;-0.06;0.05
32.998;0.04;-0.06;0.2
33.014;0.04;-0.04;0.19
33.029;-0.02;0.03;-0.01
33.046;0.02;0.11;-0.01
33.062;0.01;0.13;0
33.079;0.04;0.1;-0.08
33.096;0.02;0.06;-0.1
33.112;0.05;0.09;-0.05
33.13;0.04;-0.03;-0.07
33.145;0.07;-0.03;-0.02
33.163;0.08;-0.05;0.05
33.179;0.06;-0.05;0.09
33.195;0.07;-0.01;0.01
33.212;0.08;0.05;0.05
33.23;0.09;0.1;-0.02
33.245;0.1;0.14;0.01
33.261;0.09;0.14;0.06
33.279;0.06;0.08;0.15
33.295;0.04;0.1;0.14
33.314;0.02;0.08;0.17
33.329;0.02;0.02;0.19
33.346;0.02;-0.05;0.14
33.362;0.06;-0.09;0.09
33.379;0.02;-0.09;0.11
33.395;0.04;0.05;0.05
33.412;0.03;0.06;-0.05
33.428;0.05;0.02;-0.16
33.445;0.05;-0.11;-0.24
33.462;0.04;-0.1;-0.24
33.479;-0.01;-0.08;-0.04
33.495;0;-0.02;-0.03
33.511;0.01;0.02;-0.04
33.529;0.04;0.01;-0.01
33.545;0.09;-0.01;0.13
33.564;0.12;-0.03;0.13
33.578;0.13;-0.03;0.11
33.595;0.1;0;0.11
33.612;0;0.04;0.26
33.633;-0.03;0.11;0.22
33.645;-0.04;0.17;0.2
33.661;-0.05;0.16;0.19
33.679;0.04;0.08;-0.01
33.695;0.07;-0.1;-0.11
33.716;0.06;-0.13;-0.14
33.729;0.06;-0.1;-0.17
33.747;0;0;-0.16
33.763;-0.06;-0.03;-0.05
33.78;-0.03;0;-0.03
33.795;-0.01;-0.06;-0.04
33.812;0.05;-0.12;0.09
33.829;0.07;-0.09;0.08
33.845;0.08;-0.1;0.02
33.862;0.07;-0.04;0.02
33.879;0;-0.01;0.01
33.895;0.05;0.09;0.17
33.912;-0.02;0.05;0.26
33.929;-0.02;0.05;0.17
33.945;0.03;0.09;0.06
33.962;0.02;0;0.06
33.979;0.03;-0.02;0.06
33.995;0.07;-0.16;-0.07
34.012;0.1;-0.14;-0.08
34.029;0.08;-0.14;-0.15
34.045;0.06;-0.11;-0.17
34.063;0.03;-0.01;-0.18
34.079;-0.01;-0.02;-0.09
34.095;0.02;-0.11;-0.08
34.113;0.06;-0.16;-0.15
34.131;0.01;-0.08;-0.15
34.145;0.05;0.01;-0.17
34.162;0.09;0.06;-0.24
34.178;0.07;0.02;-0.24
34.195;0.07;-0.09;-0.3
34.215;0.04;-0.11;-0.29
34.23;0.01;-0.07;-0.29
34.245;0;0.03;-0.15
34.264;-0.09;0.02;-0.07
34.279;-0.03;-0.05;-0.12
34.295;0.03;-0.07;-0.11
34.312;0.13;-0.12;-0.04
34.33;0.13;-0.23;-0.19
34.346;0.13;-0.2;-0.23
34.362;0.01;-0.14;-0.33
34.38;-0.06;0;-0.32
34.396;-0.11;0.06;-0.32
34.412;-0.12;0.09;-0.5
34.429;-0.08;0.1;-0.56
34.445;0.03;0;-0.76
34.462;0.09;-0.17;-0.68
34.479;0.12;-0.28;-0.6
34.495;0.18;-0.23;-0.61
34.512;0.07;-0.23;-0.42
34.529;0.04;-0.03;-0.36
34.545;0.01;0.05;-0.35
34.562;-0.02;0.06;-0.29
34.578;0;0;-0.4
34.595;0.05;-0.01;-0.45
34.613;0.06;-0.06;-0.49
34.629;-0.01;0;-0.47
34.645;-0.03;0.01;-0.47
34.662;-0.05;-0.07;-0.53
34.679;-0.02;-0.15;-0.59
34.696;0.02;-0.17;-0.61
34.712;0.01;-0.16;-0.59
34.729;0.03;-0.04;-0.53
34.746;0.03;-0.01;-0.54
34.762;0.06;0.04;-0.58
34.78;0.06;0.02;-0.55
34.795;0.06;-0.04;-0.53
34.812;0.06;-0.1;-0.53
34.829;0.05;-0.06;-0.5
34.844;0.05;-0.03;-0.52
34.862;0.04;0.01;-0.56
34.879;0.06;0.02;-0.55
34.895;0.08;-0.01;-0.53
34.912;0.01;-0.17;-0.45
34.929;0.1;-0.17;-0.34
34.945;0.05;-0.16;-0.29
34.962;0.08;-0.13;-0.22
34.979;0.03;-0.07;-0.23
34.995;0.06;-0.05;-0.24
35.012;0.06;0.02;-0.36
35.029;0.05;0.06;-0.23
35.045;0.04;0.06;-0.19
35.062;0.04;0.1;-0.21
35.079;0;0.1;-0.38
35.096;0.04;0.12;-0.41
35.112;0.05;0.14;-0.42
35.13;0.07;-0.05;-0.38
35.145;0.03;-0.23;-0.29
35.162;0.02;-0.26;-0.23
35.179;0;-0.15;-0.16
35.195;0;0.03;-0.22
35.212;0.01;0.07;-0.24
35.229;0.01;-0.06;-0.29
35.245;0.04;-0.16;-0.21
35.262;0.03;-0.17;-0.21
35.279;0.01;-0.05;-0.3
35.295;-0.05;0.09;-0.33
35.312;-0.06;0.16;-0.31
35.329;-0.03;0.11;-0.27
35.345;0.04;-0.02;-0.26
35.362;0.06;-0.07;-0.25
35.379;0.08;-0.07;-0.17
35.395;0.02;-0.1;-0.08
35.412;0;-0.1;-0.07
35.429;-0.03;-0.02;-0.08
35.446;-0.02;0.05;-0.13
35.462;-0.03;0.07;-0.24
35.479;0.04;0.15;-0.4
35.495;0.04;0.1;-0.38
35.512;0.05;0.03;-0.34
35.529;0.06;-0.1;-0.27
35.546;0;-0.15;-0.25
35.562;0.03;-0.11;-0.22
35.579;0.03;-0.07;-0.27
35.595;0.03;-0.06;-0.2
35.612;0.05;-0.1;-0.18
35.629;0.04;-0.12;-0.2
35.645;0.03;-0.07;-0.18
35.662;0.01;-0.03;-0.17
35.679;0.02;0.11;-0.1
35.696;0.02;0.09;-0.17
35.712;0.04;0.08;-0.18
35.729;0.07;0.01;-0.21
35.746;0.12;-0.02;-0.16
35.762;0.11;-0.02;-0.17
35.779;0.07;0.03;-0.32
35.797;0.06;0.02;-0.44
35.812;0.03;0.01;-0.41
35.829;0.03;-0.04;-0.37
35.845;0.06;-0.12;-0.32
35.863;0.05;-0.17;-0.26
35.879;0.04;-0.19;-0.26
35.895;0.05;-0.12;-0.29
35.912;0.03;-0.04;-0.31
35.929;0.02;-0.03;-0.34
35.945;0.05;-0.03;-0.42
35.963;0.06;-0.01;-0.36
35.979;0.07;0.01;-0.33
35.997;0.04;0.06;-0.35
36.013;0.02;0.15;-0.31
36.029;0.01;0.18;-0.29
36.047;0;0.01;-0.37
36.062;0.05;-0.06;-0.37
36.079;0.09;-0.08;-0.4
36.095;0.09;-0.04;-0.36
36.113;0.1;-0.02;-0.35
36.129;0.08;-0.02;-0.35
36.145;0.04;-0.08;-0.36
36.163;0.02;-0.09;-0.34
36.179;0.02;-0.09;-0.37
36.195;-0.01;-0.04;-0.31
36.212;0.01;0.03;-0.39
36.229;0.02;0.07;-0.43
36.245;0.06;0.08;-0.4
36.262;0.09;0.01;-0.34
36.279;0.09;-0.02;-0.31
36.295;0.1;-0.09;-0.23
36.312;0.07;-0.13;-0.2
36.329;0.07;-0.09;-0.24
36.345;0.03;-0.02;-0.37
36.364;0.06;0;-0.44
36.38;0.04;-0.01;-0.46
36.396;0.03;-0.07;-0.43
36.413;0.07;-0.02;-0.47
36.429;0.04;-0.02;-0.48
36.444;0.02;0.02;-0.5
36.462;-0.01;0.05;-0.43
36.479;0.02;0.02;-0.4
36.496;0.05;-0.08;-0.31
36.512;0.08;-0.12;-0.24
36.529;0.05;-0.11;-0.23
36.545;-0.01;-0.07;-0.17
36.562;0;0.03;-0.14
36.579;0.01;-0.02;-0.16
36.595;0.04;-0.02;-0.15
36.612;0.03;-0.04;-0.17
36.629;0.01;-0.06;-0.19
36.645;0.06;-0.02;-0.25
36.662;0.05;0.09;-0.31
36.679;0.04;0.03;-0.3
36.695;0.04;0;-0.28
36.712;0.04;-0.11;-0.25
36.729;0.05;-0.06;-0.17
36.746;0.02;-0.04;-0.16
36.762;-0.03;-0.05;-0.19
36.779;0;-0.05;-0.12
36.795;0.01;-0.02;-0.06
36.812;0.02;-0.09;0.04
36.829;0.05;-0.13;0.15
36.845;0.06;-0.15;0.21
36.861;0.08;-0.15;0.26
36.879;0.03;-0.07;0.19
36.895;0.04;-0.01;0.13
36.912;-0.01;0.07;0.02
36.929;-0.02;0.02;-0.21
36.945;-0.03;0.02;-0.31
36.962;-0.04;0.13;-0.4
36.979;-0.06;0.18;-0.46
36.995;-0.02;0.19;-0.57
37.012;0.01;-0.09;-0.74
37.029;0.07;-0.33;-0.81
37.045;0.03;-0.39;-0.82
37.062;0.03;-0.36;-0.81
37.079;0.02;-0.22;-0.82
37.098;0.02;-0.17;-0.81
37.112;0.06;-0.12;-0.91
37.128;0.07;-0.23;-0.68
37.145;0.09;-0.32;-0.57
37.162;0.14;-0.42;-0.54
37.178;0.17;-0.27;-0.62
37.195;0.17;-0.11;-0.66
37.212;0.16;0.23;-0.62
37.229;-0.01;0.47;-0.29
37.245;-0.06;0.46;-0.01
37.262;-0.07;0.31;0.32
37.279;-0.03;0.07;0.52
37.295;-0.02;0.02;0.63
37.311;-0.02;-0.04;0.78
37.329;0.02;0.03;0.96
37.345;-0.01;0.01;0.94
37.362;-0.04;0;1.01
37.379;-0.09;-0.03;1.06
37.396;-0.01;0.09;0.72
37.412;0.05;0.18;0.58
37.429;-0.03;0.12;0.34
37.445;0.05;0.06;0.09
37.462;0.03;0;-0.13
37.479;0.12;-0.08;-0.6
37.495;0.13;0.02;-1.13
37.512;0.13;0.07;-1.25
37.529;0.01;0.06;-1.13
37.545;-0.04;-0.07;-0.8
37.562;-0.07;-0.2;-0.64
37.579;-0.01;-0.37;-0.46
37.595;0.06;-0.49;-0.24
37.612;0.08;-0.49;-0.1
37.629;0.19;-0.27;0.2
37.645;0.15;-0.07;0.52
37.662;0.12;0.02;0.64
37.679;0.09;0.06;0.94
37.695;0.03;0.1;1.09
37.711;0.04;0.13;0.99
37.729;0.05;0.33;0.74
37.745;0.09;0.45;0.45
37.762;0.03;0.43;0.3
37.779;0.05;0.37;0.17
37.795;-0.01;0.17;-0.08
37.812;0.01;0.05;-0.22
37.829;0.03;-0.05;-0.64
37.845;0.03;-0.1;-0.74
37.862;0.04;-0.15;-0.7
37.878;0.03;-0.32;-0.66
37.895;0.11;-0.39;-0.45
37.912;0.11;-0.43;-0.36
37.929;0.11;-0.46;-0.13
37.945;0.04;-0.37;0.02
37.961;0.01;-0.27;0.14
37.979;0;0.06;0.19
37.995;-0.12;0.29;0.31
38.012;-0.14;0.34;0.39
38.029;-0.15;0.38;0.46
38.044;-0.14;0.26;0.34
38.062;-0.18;0.19;0.23
38.079;-0.19;0.17;0.16
38.095;-0.27;0.31;0.07
38.112;-0.43;0.31;0.03
38.129;-0.44;0.29;0.02
38.145;-0.37;0.13;-0.25
38.163;-0.24;-0.05;-0.38
38.179;-0.26;-0.12;-0.34
38.195;-0.14;-0.04;-0.07
38.211;-0.09;0;-0.15
38.229;-0.04;-0.09;-0.26
38.245;0.07;-0.21;-0.12
38.262;0.18;-0.13;-0.16
38.279;0.24;-0.09;-0.14
38.295;0.21;-0.11;0.14
38.312;0.22;-0.08;0.35
38.329;0.21;-0.08;0.3
38.345;0.2;0;0.27
38.363;0.25;0.11;0.13
38.379;0.24;0.15;-0.02
38.396;0.32;0.28;-0.13
38.412;0.27;0.23;-0.14
38.429;0.27;0.18;-0.14
38.445;0.16;0.12;-0.02
38.462;0.04;0.05;0.11
38.479;0.02;0.01;0.14
38.495;0;-0.07;-0.06
38.512;0.07;-0.15;-0.02
38.529;0.1;-0.19;-0.02
38.545;0.2;-0.17;-0.04
38.562;0.18;-0.2;0.14
38.579;0.15;-0.23;0.26
38.595;0.07;-0.14;0.3
38.612;0.09;-0.07;0.17
38.629;0.12;-0.07;0.11
38.645;0.2;-0.06;-0.01
38.662;0.22;-0.07;-0.06
38.679;0.24;-0.05;-0.08
38.695;0.23;0.01;-0.04
38.712;0.17;0.07;0.1
38.729;0.15;0.11;0.05
38.745;0.07;0.17;0.03
38.762;0.05;0.12;0.07
38.779;0.02;0.11;0.12
38.795;0.11;0.01;0.29
38.812;0.14;-0.22;0.31
38.829;0.13;-0.37;0.22
38.845;0.15;-0.33;0.15
38.862;0.03;-0.12;0.03
38.879;-0.09;0;-0.06
38.895;-0.13;0;-0.06
38.912;-0.15;-0.07;-0.16
38.929;-0.08;-0.12;-0.18
38.945;-0.07;-0.09;-0.19
38.962;-0.03;0.05;-0.13
38.981;-0.02;0.1;-0.08
38.995;0;0.13;-0.13
39.012;0.03;0.09;-0.06
39.029;0.05;0.03;-0.01
39.048;0.11;0.02;0
39.062;0.11;0.04;-0.01
39.079;0.08;0.01;0.08
39.098;0.04;-0.04;0.13
39.113;0;0.02;0.04
39.129;-0.12;0.06;0.14
39.145;-0.21;0.03;0.25
39.162;-0.08;0.05;0.5
39.179;-0.08;0.12;-0.48
39.195;0.01;0.19;-0.32
39.212;0.09;-0.05;-0.17
39.229;0.05;-0.01;0.18
39.245;0.11;-0.04;0.29
39.262;0.03;-0.08;0.07
39.279;0.18;0.11;-0.05
39.295;0.2;0.17;-0.18
39.312;0.17;0.13;-0.27
39.329;0.19;0.38;-0.3
39.345;0.19;0.39;-0.2
39.361;0.11;0.35;-0.01
39.379;0.05;0.21;-0.04
39.395;0.01;0.14;0.16
39.412;-0.12;-0.02;0.47
39.429;-0.09;0.12;0.27
39.445;-0.13;0.15;0.18
39.462;-0.14;0.1;0.19
39.478;-0.06;0;0.17
39.496;-0.07;-0.08;0.2
39.512;0.04;-0.18;0.23
39.529;0.2;-0.3;0.11
39.545;0.25;-0.44;0.11
39.562;0.42;-0.46;0.1
39.579;0.44;-0.49;0.02
39.595;0.41;-0.22;-0.13
39.612;0.36;-0.02;-0.21
39.629;0.22;0.16;-0.13
39.645;0.14;0.09;0.01
39.662;0.15;-0.05;0.17
39.679;0.23;0;0.03
39.695;0.11;0.19;-0.1
39.712;0.09;0.28;-0.08
39.729;-0.09;0.06;0.01
39.745;0.03;-0.03;0.15
39.762;-0.13;-0.16;0.22
39.779;0.03;-0.2;0
39.795;-0.11;-0.06;0.04
39.812;-0.08;-0.04;0.07
39.829;-0.06;-0.01;-0.16
39.845;0.08;-0.07;-0.2
39.862;-0.01;0.01;-0.09
39.879;-0.01;0.05;-0.22
39.895;-0.11;0.32;-0.38
39.912;-0.22;0.39;-0.34
39.929;-0.12;0.34;-0.18
39.945;-0.16;0.31;-0.26
39.962;-0.18;0.23;-0.14
39.979;-0.06;0.15;-0.12
39.995;0.02;0.27;-0.3
40.012;0.01;0.29;-0.26
40.029;-0.09;0.29;0.04
40.046;-0.08;0.27;0.03
40.062;-0.09;0.28;0.16
40.08;-0.14;0.16;0.23
40.096;-0.15;0.06;0.21
40.112;-0.13;-0.01;0.2
40.128;-0.01;-0.09;0.11
40.146;0.1;-0.05;0.04
40.162;0.05;-0.01;0.22
40.179;0.06;-0.03;0.24
40.195;-0.05;0.08;0.06
40.213;-0.01;0.21;0.01
40.229;-0.02;0.11;0.06
40.245;0.03;0.17;-0.17
40.262;0.04;0.18;-0.11
40.279;0.04;0.12;-0.09
40.295;0.01;0.11;-0.1
40.312;0.05;0.05;0.01
40.329;0.07;-0.02;-0.07
40.345;0.04;-0.02;-0.09
40.362;0.12;-0.07;-0.06
40.379;0.14;-0.14;-0.08
40.395;0.15;-0.28;0.11
40.413;0.16;-0.15;0.18
40.429;0.16;-0.09;0.23
40.445;0.16;0.07;0.01
40.463;0.16;0.05;0.06
40.479;0.17;0;0.04
40.495;0.23;0.07;-0.05
40.512;0.15;-0.05;0.01
40.529;0.16;-0.03;0.06
40.545;0.08;0.02;0.18
40.561;0.02;-0.06;0.06
40.579;0.09;-0.03;0.17
40.595;0.04;-0.15;0.23
40.612;0.09;-0.09;0.3
40.629;0.08;-0.08;0.24
40.645;0.13;-0.15;-0.04
40.662;0.13;-0.25;0.01
40.679;0.16;-0.24;0.04
40.695;0.11;-0.09;0.05
40.712;0.06;0.09;0.04
40.729;0.03;0.14;-0.02
40.745;0.02;0.06;-0.15
40.761;0.02;-0.02;-0.05
40.779;0.02;-0.06;-0.03
40.795;-0.04;-0.09;0.04
40.812;-0.03;-0.11;-0.07
40.829;-0.03;-0.16;-0.03
40.845;-0.04;-0.14;0.11
40.862;0.02;-0.05;0.13
40.879;-0.03;0.02;0.06
40.898;-0.08;0.06;0.25
40.912;-0.07;0.08;0.31
40.929;-0.06;0.08;0.25
40.948;0.07;0.08;-0.04
40.962;0.05;-0.04;-0.01
40.979;0.02;-0.1;0.01
40.995;0.06;-0.06;-0.08
41.013;0.01;-0.02;-0.32
41.029;0.07;0;-0.43
41.046;0.02;0.21;-0.62
41.062;-0.01;0.22;-0.62
41.078;-0.04;0.11;-0.57
41.095;-0.07;-0.01;-0.3
41.122;0.02;-0.24;0.26
41.128;0.04;-0.25;0.19
41.145;0.02;-0.25;0.22
41.162;0.03;-0.14;0.49
41.179;-0.03;-0.06;0.4
41.195;0.04;0.03;0.31
41.212;0.04;0.13;0.23
41.229;0.09;0.22;0.24
41.245;0.09;0.31;0.13
41.262;0.07;0.4;0.03
41.279;0.07;0.34;0.04
41.295;0.09;0.21;-0.02
41.312;0.15;-0.02;-0.09
41.329;0.1;0.02;0
41.345;0.07;0.07;0.01
41.362;0.04;0.04;-0.08
41.379;0.02;0;-0.14
41.396;0.05;-0.03;-0.09
41.412;0.11;-0.17;-0.04
41.432;0.16;-0.3;0.16
41.446;0.15;-0.26;0.24
41.462;0.12;-0.09;0.18
41.479;0.08;0;0.13
41.496;0.07;0.04;0.13
41.512;0.1;0.16;0.11
41.529;0.12;0.23;0.02
41.546;0.15;0.16;-0.08
41.562;0.14;-0.06;-0.06
41.579;0.1;-0.1;-0.05
41.596;0.04;-0.07;-0.09
41.612;0;0.11;-0.12
41.629;0.02;0.12;-0.12
41.646;0.04;0.07;-0.17
41.662;0.07;-0.01;-0.09
41.679;0.09;-0.04;-0.02
41.696;0.08;-0.02;-0.02
41.712;0.03;-0.05;0.1
41.729;-0.01;0.02;0.18
41.746;-0.02;0.09;0.13
41.762;-0.01;0.16;0.1
41.779;-0.02;0.24;-0.03
41.796;-0.02;0.21;0.01